t, k1_1, k1_2, k1_3, k1_4, k1_5, k1_6, k1_7, k1_8, k1_9, k1_10, k1_11, k1_12, k2_1, k2_2, k2_3, k2_4, k2_5, k2_6, k2_7, k2_8, k2_9, k2_10, k2_11, k2_12, k3_1, k3_2, k3_3, k3_4, k3_5, k3_6, k3_7, k3_8, k3_9, k3_10, k3_11, k3_12
0,0.094274,-0.29374,-0.12583,-0.21069,0.98367,-3.0981,-0.053843,-0.22664,-0.015399,0.052748,0.028356,-0.18968,0.28675,0.3349,-0.24441,-0.18365,2.6382,3.0057,0.15669,0.22854,-0.15,-0.094895,0.059069,0.17211,-0.086423,-0.036748,-0.044109,-0.060522,0.27845,-0.32521,-0.06042,-0.023099,-0.0022722,0.0017097,5.8889e-05,-0.0082707
0.01,0.0969,-0.31793,-0.13053,-0.21958,1.0048,-3.3469,-0.060419,-0.24399,-0.012119,0.056822,0.030642,-0.20473,0.18142,0.22022,-0.16311,-0.13721,1.7499,1.9713,0.099044,0.1504,-0.099713,-0.062792,0.037195,0.11474,-0.08589,-0.037446,-0.043302,-0.060463,0.27101,-0.32775,-0.059923,-0.023299,-0.0020966,0.0016793,0.00020204,-0.0081564
0.02,0.085954,-0.28698,-0.11303,-0.18782,0.86169,-3.0168,-0.052782,-0.21903,-0.0098208,0.05071,0.027707,-0.18457,0.11403,0.14398,-0.10756,-0.10095,1.1491,1.2861,0.060982,0.098493,-0.065389,-0.041053,0.023187,0.075944,-0.084961,-0.037472,-0.042836,-0.06021,0.2676,-0.32401,-0.059094,-0.022992,-0.0022836,0.001477,0.00041007,-0.0076759
0.03,0.087654,-0.29019,-0.11357,-0.1817,0.86201,-3.0497,-0.051509,-0.22026,-0.01109,0.050387,0.028755,-0.18639,0.12391,0.15537,-0.12973,-0.1355,1.3566,1.3742,0.061484,0.10621,-0.075246,-0.045579,0.026094,0.082878,-0.084042,-0.037494,-0.042374,-0.059616,0.26433,-0.32014,-0.058294,-0.02263,-0.0025504,0.0012872,0.0006004,-0.0071959
0.04,0.088212,-0.29045,-0.11218,-0.17118,0.84683,-3.0504,-0.049907,-0.21904,-0.012375,0.049786,0.029336,-0.18607,0.12424,0.15558,-0.14272,-0.16197,1.4679,1.3638,0.057252,0.10658,-0.079535,-0.047006,0.027059,0.08436,-0.083163,-0.037586,-0.041889,-0.058732,0.26088,-0.31688,-0.057557,-0.022267,-0.0028577,0.0011288,0.0007688,-0.0067589
0.05,0.088795,-0.29044,-0.11051,-0.15901,0.82959,-3.0478,-0.048345,-0.21746,-0.013984,0.049291,0.029822,-0.18536,0.12364,0.15441,-0.15528,-0.18839,1.574,1.3411,0.052445,0.10627,-0.083303,-0.048236,0.027945,0.085465,-0.082303,-0.037715,-0.041398,-0.057618,0.25743,-0.31389,-0.05686,-0.021887,-0.0032052,0.00099128,0.00091994,-0.0063461
0.06,0.089582,-0.29063,-0.10872,-0.14581,0.81155,-3.047,-0.04688,-0.21591,-0.015872,0.048969,0.030264,-0.18461,0.12294,0.15276,-0.16834,-0.21549,1.6841,1.3141,0.047438,0.10592,-0.087075,-0.049554,0.028939,0.086688,-0.081459,-0.037874,-0.040901,-0.056318,0.25399,-0.31114,-0.056196,-0.021489,-0.0035829,0.000872,0.0010551,-0.0059555
0.07,0.090517,-0.2908,-0.10674,-0.13176,0.79216,-3.0456,-0.045451,-0.21422,-0.017982,0.048768,0.03064,-0.18369,0.12196,0.15046,-0.18141,-0.24236,1.7939,1.2815,0.042214,0.10542,-0.090674,-0.050862,0.029972,0.087927,-0.080624,-0.038055,-0.040404,-0.054877,0.25058,-0.30855,-0.05556,-0.021073,-0.0039829,0.0007681,0.0011757,-0.005584
0.08,0.091627,-0.29096,-0.10458,-0.11711,0.77164,-3.0438,-0.044043,-0.21243,-0.020267,0.048677,0.030962,-0.18261,0.12056,0.14738,-0.19404,-0.26816,1.8993,1.2424,0.036799,0.10469,-0.093941,-0.052073,0.030979,0.089083,-0.079795,-0.038252,-0.039907,-0.053329,0.24723,-0.30608,-0.054945,-0.020637,-0.0043975,0.00067701,0.0012831,-0.0052289
0.09,0.09293,-0.2911,-0.10227,-0.10213,0.75015,-3.0418,-0.042638,-0.21054,-0.022682,0.048682,0.031234,-0.18141,0.1189,0.14374,-0.20622,-0.29259,2.0003,1.1987,0.031312,0.10387,-0.096925,-0.05321,0.031971,0.090236,-0.078969,-0.038458,-0.039415,-0.051707,0.24395,-0.30367,-0.054348,-0.020181,-0.0048195,0.00059648,0.0013787,-0.0048882
0.1,0.094419,-0.29117,-0.099801,-0.086991,0.72769,-3.039,-0.041216,-0.20855,-0.02518,0.048759,0.031459,-0.18007,0.11705,0.13966,-0.21782,-0.3153,2.0961,1.1519,0.025843,0.10303,-0.099617,-0.054268,0.032931,0.091416,-0.078143,-0.03867,-0.038929,-0.050041,0.24076,-0.30129,-0.053765,-0.019706,-0.0052427,0.00052453,0.0014634,-0.0045602
0.11,0.096116,-0.29121,-0.097216,-0.071921,0.70461,-3.0359,-0.039778,-0.20648,-0.02773,0.048902,0.031648,-0.17863,0.11498,0.13517,-0.22854,-0.33572,2.1839,1.1022,0.020461,0.10214,-0.10192,-0.055197,0.033819,0.092574,-0.077314,-0.038882,-0.038452,-0.048355,0.23768,-0.29892,-0.053193,-0.019211,-0.0056612,0.00045954,0.0015385,-0.0042438
0.12,0.098015,-0.29119,-0.094531,-0.057073,0.68102,-3.0324,-0.038317,-0.20435,-0.030296,0.049096,0.031805,-0.17709,0.1128,0.13047,-0.23838,-0.35376,2.2642,1.0515,0.015254,0.10131,-0.10388,-0.056016,0.034636,0.093756,-0.076482,-0.039091,-0.037986,-0.046669,0.23472,-0.29652,-0.05263,-0.0187,-0.0060698,0.00040016,0.0016047,-0.003938
0.13,0.1001,-0.29107,-0.091747,-0.042575,0.65696,-3.028,-0.036826,-0.20213,-0.032844,0.04932,0.031929,-0.17544,0.11053,0.12565,-0.24722,-0.36918,2.3357,1.0004,0.010282,0.10055,-0.10546,-0.056707,0.035362,0.094946,-0.075646,-0.039296,-0.037533,-0.044998,0.23189,-0.29408,-0.052074,-0.018172,-0.0064641,0.00034531,0.0016631,-0.0036423
0.14,0.10237,-0.29089,-0.088914,-0.02855,0.63278,-3.0233,-0.035317,-0.19988,-0.035359,0.049575,0.032034,-0.17373,0.10827,0.12085,-0.25514,-0.38209,2.3994,0.95047,0.0055959,0.099919,-0.10672,-0.057293,0.036004,0.096175,-0.074805,-0.039494,-0.037093,-0.043355,0.22918,-0.2916,-0.051523,-0.01763,-0.0068404,0.00029419,0.0017143,-0.0033566
0.15,0.10483,-0.29063,-0.086043,-0.015072,0.60859,-3.0182,-0.033792,-0.19758,-0.03782,0.049848,0.03212,-0.17194,0.10603,0.11616,-0.26212,-0.39248,2.4552,0.90224,0.0012261,0.099427,-0.10764,-0.057774,0.036557,0.097429,-0.073959,-0.039683,-0.036666,-0.041747,0.22661,-0.28907,-0.050977,-0.017076,-0.0071959,0.0002462,0.001759,-0.0030807
0.16,0.10744,-0.29028,-0.083149,-0.0021843,0.58447,-3.0125,-0.032256,-0.19524,-0.04021,0.05013,0.032189,-0.17008,0.10384,0.11165,-0.2682,-0.40047,2.5033,0.85634,-0.0028095,0.099082,-0.10826,-0.058155,0.037018,0.098697,-0.073108,-0.039864,-0.036253,-0.040179,0.22415,-0.28648,-0.050436,-0.016512,-0.0075282,0.00020092,0.0017978,-0.0028148
0.17,0.1102,-0.28986,-0.080261,0.010087,0.56063,-3.0065,-0.03072,-0.1929,-0.042523,0.050421,0.032247,-0.16817,0.10177,0.10741,-0.27354,-0.40634,2.5452,0.81341,-0.0065103,0.098917,-0.10864,-0.058466,0.037407,0.099997,-0.072253,-0.040034,-0.035853,-0.03865,0.22181,-0.28383,-0.049897,-0.015941,-0.007836,0.00015806,0.0018313,-0.0025589
0.18,0.11309,-0.28935,-0.077384,0.021745,0.53711,-3,-0.029189,-0.19053,-0.044746,0.050713,0.032294,-0.1662,0.0998,0.10346,-0.27816,-0.41021,2.5811,0.77357,-0.0098811,0.098909,-0.10878,-0.058705,0.037721,0.1013,-0.071392,-0.040193,-0.035466,-0.037161,0.21958,-0.28112,-0.049361,-0.015365,-0.0081183,0.00011744,0.0018598,-0.0023133
0.19,0.11609,-0.28876,-0.074537,0.03281,0.51403,-2.993,-0.027671,-0.18816,-0.046876,0.051005,0.032332,-0.16417,0.097963,0.099834,-0.28219,-0.41235,2.6122,0.73705,-0.012937,0.099065,-0.10874,-0.058894,0.037973,0.1026,-0.070528,-0.040341,-0.03509,-0.035708,0.21745,-0.27836,-0.048826,-0.014786,-0.0083747,7.8949e-05,0.0018838,-0.0020781
0.2,0.11917,-0.28807,-0.07173,0.043313,0.49143,-2.9856,-0.026172,-0.18579,-0.048909,0.051293,0.032361,-0.16209,0.096251,0.096538,-0.28568,-0.41291,2.6387,0.70376,-0.015696,0.099364,-0.10852,-0.059036,0.038168,0.10388,-0.069659,-0.040477,-0.034725,-0.034288,0.2154,-0.27553,-0.048293,-0.014207,-0.0086052,4.2493e-05,0.0019037,-0.0018535
0.21,0.12234,-0.28732,-0.068983,0.0533,0.46948,-2.9779,-0.024703,-0.18345,-0.050849,0.051582,0.032387,-0.15997,0.09468,0.09358,-0.28874,-0.41215,2.6618,0.6737,-0.01818,0.099806,-0.10817,-0.059149,0.038317,0.10513,-0.068787,-0.040601,-0.034369,-0.032895,0.21342,-0.27265,-0.047759,-0.013628,-0.0088103,8.0399e-06,0.0019198,-0.0016396
0.22,0.12555,-0.28648,-0.066291,0.062816,0.44811,-2.9697,-0.023266,-0.18112,-0.052685,0.051865,0.032405,-0.1578,0.09323,0.090941,-0.29141,-0.4102,2.6816,0.64664,-0.020407,0.10036,-0.1077,-0.059233,0.038421,0.10632,-0.067911,-0.040711,-0.034021,-0.031528,0.2115,-0.2697,-0.047225,-0.013052,-0.0089905,-2.4431e-05,0.0019323,-0.0014366
0.23,0.12881,-0.28558,-0.063674,0.071913,0.42747,-2.9612,-0.021869,-0.17882,-0.054427,0.052146,0.03242,-0.15558,0.091907,0.088612,-0.29377,-0.40726,2.6989,0.62244,-0.022399,0.10102,-0.10714,-0.0593,0.038491,0.10745,-0.067031,-0.040807,-0.03368,-0.03018,0.20963,-0.2667,-0.04669,-0.012481,-0.0091468,-5.4963e-05,0.0019415,-0.0012445
0.24,0.13208,-0.28459,-0.061129,0.080636,0.40753,-2.9521,-0.020513,-0.17655,-0.05607,0.05242,0.032429,-0.15332,0.090695,0.086571,-0.29584,-0.40344,2.7137,0.60082,-0.024174,0.10177,-0.1065,-0.05935,0.038527,0.10849,-0.066148,-0.040889,-0.033345,-0.02885,0.20779,-0.26363,-0.046152,-0.011916,-0.0092802,-8.3596e-05,0.0019476,-0.0010633
0.25,0.13536,-0.28352,-0.058666,0.089032,0.38834,-2.9427,-0.019203,-0.17432,-0.057619,0.052691,0.032433,-0.15102,0.089589,0.084797,-0.29767,-0.39889,2.7264,0.58156,-0.02575,0.10259,-0.10578,-0.059388,0.038536,0.10944,-0.065263,-0.040956,-0.033014,-0.027534,0.20599,-0.26049,-0.045612,-0.011358,-0.0093917,-0.00011036,0.0019508,-0.00089292
0.26,0.13864,-0.28239,-0.056291,0.097145,0.36997,-2.9329,-0.017942,-0.17213,-0.059077,0.052959,0.032433,-0.14868,0.088581,0.083269,-0.29928,-0.39372,2.7373,0.56443,-0.027142,0.10347,-0.10501,-0.059419,0.038519,0.11027,-0.064374,-0.041007,-0.032686,-0.026232,0.2042,-0.25729,-0.045068,-0.01081,-0.0094826,-0.0001353,0.0019514,-0.00073334
0.27,0.1419,-0.2812,-0.054007,0.10501,0.35241,-2.9226,-0.01673,-0.16999,-0.060445,0.053222,0.032429,-0.1463,0.087663,0.081963,-0.3007,-0.38803,2.7465,0.54919,-0.028364,0.10439,-0.10419,-0.059442,0.03848,0.11099,-0.063483,-0.041042,-0.032361,-0.024943,0.20243,-0.25403,-0.04452,-0.010271,-0.009554,-0.0001585,0.0019493,-0.00058441
0.28,0.14514,-0.27994,-0.051816,0.11265,0.3357,-2.9119,-0.01557,-0.1679,-0.061727,0.05348,0.032421,-0.1439,0.086826,0.080857,-0.30195,-0.3819,2.7541,0.5356,-0.029428,0.10534,-0.10333,-0.059459,0.03842,0.11159,-0.062591,-0.04106,-0.032039,-0.023666,0.20066,-0.2507,-0.043968,-0.0097432,-0.0096071,-0.00017999,0.0019449,-0.00044601
0.29,0.14833,-0.27861,-0.049721,0.1201,0.31983,-2.9007,-0.014459,-0.16586,-0.062925,0.053733,0.032409,-0.14147,0.086066,0.079929,-0.30303,-0.37543,2.7602,0.52345,-0.030346,0.10631,-0.10243,-0.059471,0.038342,0.11206,-0.061696,-0.041061,-0.031717,-0.022402,0.19888,-0.24731,-0.043411,-0.0092273,-0.009643,-0.00019987,0.0019381,-0.00031791
0.3,0.15148,-0.27722,-0.047724,0.12737,0.30484,-2.889,-0.0134,-0.16388,-0.064044,0.053981,0.032392,-0.13903,0.085375,0.079158,-0.30395,-0.36869,2.7648,0.51254,-0.031127,0.1073,-0.1015,-0.059477,0.038247,0.1124,-0.0608,-0.041044,-0.031397,-0.021154,0.19709,-0.24385,-0.04285,-0.0087241,-0.009663,-0.0002182,0.0019292,-0.00019991
0.31,0.15458,-0.27578,-0.045827,0.13447,0.29073,-2.877,-0.01239,-0.16196,-0.065087,0.054223,0.032372,-0.13658,0.084749,0.078523,-0.30471,-0.36172,2.768,0.50268,-0.031779,0.10828,-0.10055,-0.059478,0.038136,0.11262,-0.059902,-0.04101,-0.031076,-0.019922,0.19529,-0.24033,-0.042283,-0.0082342,-0.009668,-0.00023506,0.0019183,-9.1773e-05
0.32,0.15763,-0.27429,-0.044031,0.14142,0.27751,-2.8645,-0.011428,-0.1601,-0.066058,0.054459,0.032348,-0.13413,0.084181,0.078008,-0.30533,-0.3546,2.7697,0.49369,-0.03231,0.10926,-0.09957,-0.059472,0.03801,0.11272,-0.059004,-0.040957,-0.030756,-0.01871,0.19347,-0.23675,-0.041711,-0.0077584,-0.0096592,-0.00025054,0.0019053,6.8071e-06
0.33,0.16061,-0.27274,-0.042333,0.1482,0.26515,-2.8515,-0.010511,-0.1583,-0.066958,0.054687,0.032318,-0.13169,0.083669,0.077594,-0.30579,-0.34738,2.77,0.48543,-0.032727,0.11023,-0.09857,-0.059458,0.037871,0.11272,-0.058106,-0.040886,-0.030435,-0.01752,0.19163,-0.23311,-0.041133,-0.0072971,-0.0096374,-0.00026473,0.0018905,9.614e-05
0.34,0.16353,-0.27114,-0.040734,0.15482,0.25366,-2.838,-0.0096381,-0.15657,-0.067791,0.054905,0.032283,-0.12927,0.083211,0.077266,-0.30611,-0.34011,2.7688,0.47775,-0.033038,0.11117,-0.097552,-0.059436,0.03772,0.11262,-0.057208,-0.040796,-0.030114,-0.016355,0.18977,-0.2294,-0.040551,-0.0068506,-0.0096036,-0.00027771,0.0018738,0.00017654
0.35,0.16638,-0.2695,-0.039235,0.16128,0.24304,-2.8241,-0.0088061,-0.15491,-0.068564,0.055115,0.032244,-0.12689,0.0828,0.07701,-0.30626,-0.33281,2.7662,0.47052,-0.033247,0.11209,-0.096513,-0.059403,0.037555,0.11244,-0.056311,-0.040688,-0.029793,-0.015219,0.18788,-0.22565,-0.039964,-0.0064195,-0.0095587,-0.00028957,0.0018555,0.00024838
0.36,0.16915,-0.2678,-0.037829,0.16755,0.23325,-2.8096,-0.0080113,-0.1533,-0.069272,0.055312,0.032199,-0.12455,0.082437,0.076814,-0.30627,-0.32554,2.7622,0.46365,-0.033361,0.11298,-0.095461,-0.059359,0.037381,0.11219,-0.055416,-0.040562,-0.02947,-0.014114,0.18596,-0.22184,-0.039372,-0.0060038,-0.0095035,-0.00030039,0.0018355,0.00031203
0.37,0.17186,-0.26606,-0.036518,0.17364,0.22428,-2.7947,-0.007252,-0.15176,-0.069925,0.055498,0.032149,-0.12227,0.082116,0.076664,-0.30612,-0.31831,2.7566,0.45704,-0.033384,0.11384,-0.094392,-0.059301,0.037195,0.11189,-0.054522,-0.040417,-0.029148,-0.013043,0.18401,-0.21798,-0.038776,-0.0056038,-0.0094388,-0.00031025,0.0018139,0.00036785
0.38,0.1745,-0.26428,-0.035297,0.17952,0.21609,-2.7793,-0.0065245,-0.15028,-0.070522,0.05567,0.032092,-0.12007,0.081836,0.076553,-0.30581,-0.31117,2.7496,0.45062,-0.033323,0.11465,-0.093309,-0.059227,0.037,0.11157,-0.05363,-0.040254,-0.028824,-0.01201,0.18203,-0.21408,-0.038176,-0.0052196,-0.0093651,-0.00031922,0.0017908,0.00041627
0.39,0.17706,-0.26246,-0.034161,0.18519,0.20864,-2.7634,-0.005825,-0.14886,-0.071065,0.055826,0.032029,-0.11795,0.081594,0.076472,-0.30534,-0.30414,2.7411,0.44432,-0.033182,0.11542,-0.092213,-0.059138,0.036796,0.11123,-0.052741,-0.040073,-0.0285,-0.011017,0.18003,-0.21013,-0.037572,-0.0048512,-0.0092833,-0.00032739,0.0017663,0.00045769
0.4,0.17954,-0.26059,-0.033108,0.19062,0.2019,-2.747,-0.005151,-0.14749,-0.071556,0.055966,0.031959,-0.11594,0.081389,0.076413,-0.30471,-0.29724,2.7312,0.4381,-0.032966,0.11613,-0.091105,-0.059031,0.036583,0.11091,-0.051856,-0.039874,-0.028176,-0.010067,0.17799,-0.20614,-0.036966,-0.0044987,-0.0091938,-0.00033482,0.0017404,0.00049251
0.41,0.18195,-0.25869,-0.032131,0.19581,0.19582,-2.7301,-0.0044986,-0.14618,-0.071997,0.056088,0.03188,-0.11404,0.081218,0.076374,-0.30394,-0.29051,2.72,0.43194,-0.03268,0.1168,-0.089987,-0.058906,0.036364,0.11062,-0.050974,-0.039658,-0.027852,-0.0091609,0.17592,-0.20212,-0.036357,-0.0041618,-0.0090973,-0.0003416,0.0017133,0.0005212
0.42,0.18429,-0.25675,-0.031226,0.20073,0.19035,-2.7127,-0.0038653,-0.14492,-0.072391,0.056192,0.031794,-0.11226,0.081074,0.076347,-0.30299,-0.28394,2.7074,0.42581,-0.032329,0.11741,-0.088856,-0.058759,0.036137,0.11039,-0.050097,-0.039425,-0.027528,-0.0083017,0.17382,-0.19806,-0.035746,-0.0038404,-0.0089943,-0.00034777,0.0016849,0.00054414
0.43,0.18654,-0.25478,-0.030387,0.20538,0.18543,-2.6949,-0.003248,-0.1437,-0.072736,0.056275,0.0317,-0.11062,0.080957,0.076331,-0.3019,-0.27757,2.6934,0.4197,-0.031916,0.11795,-0.087716,-0.058592,0.035903,0.11023,-0.049225,-0.039175,-0.027203,-0.0074904,0.17169,-0.19397,-0.035133,-0.0035344,-0.0088854,-0.00035339,0.0016553,0.00056176
0.44,0.18872,-0.25276,-0.029606,0.20973,0.181,-2.6766,-0.0026434,-0.14253,-0.073034,0.056336,0.031595,-0.10914,0.080865,0.076326,-0.30066,-0.27141,2.6782,0.41364,-0.031448,0.11844,-0.086569,-0.058403,0.035665,0.11016,-0.048358,-0.038909,-0.026879,-0.0067285,0.16953,-0.18987,-0.03452,-0.0032435,-0.0087709,-0.00035852,0.0016246,0.00057447
0.45,0.19082,-0.25072,-0.028878,0.21378,0.177,-2.6577,-0.0020491,-0.14139,-0.073285,0.056376,0.031481,-0.10781,0.080792,0.076331,-0.29927,-0.26548,2.6618,0.40763,-0.030928,0.11885,-0.085414,-0.058192,0.035421,0.1102,-0.047498,-0.038627,-0.026556,-0.0060166,0.16735,-0.18574,-0.033906,-0.0029674,-0.0086513,-0.00036322,0.0015929,0.00058268
0.46,0.19285,-0.24865,-0.028194,0.21753,0.17336,-2.6385,-0.0014626,-0.14028,-0.073491,0.056392,0.031358,-0.10665,0.080734,0.076346,-0.29774,-0.25978,2.6443,0.4017,-0.030359,0.1192,-0.084252,-0.057959,0.035173,0.11037,-0.046644,-0.03833,-0.026233,-0.0053552,0.16514,-0.18159,-0.033293,-0.0027058,-0.0085269,-0.00036753,0.0015602,0.00058676
0.47,0.19479,-0.24655,-0.027547,0.22095,0.17,-2.6188,-0.00088122,-0.13919,-0.07365,0.056385,0.031222,-0.10566,0.080688,0.076375,-0.29608,-0.25435,2.6258,0.3959,-0.029748,0.11947,-0.083087,-0.057704,0.034921,0.11067,-0.045797,-0.038017,-0.025911,-0.0047446,0.1629,-0.17743,-0.03268,-0.0024582,-0.0083983,-0.0003715,0.0015266,0.00058713
0.48,0.19666,-0.24443,-0.02693,0.22404,0.16687,-2.5987,-0.000303,-0.13813,-0.073764,0.056354,0.031077,-0.10486,0.080647,0.076418,-0.29428,-0.24916,2.6062,0.39025,-0.029096,0.11966,-0.081915,-0.057425,0.034665,0.11112,-0.044957,-0.03769,-0.025589,-0.0041845,0.16064,-0.17325,-0.032069,-0.0022244,-0.0082657,-0.00037516,0.0014921,0.00058414
0.49,0.19845,-0.24228,-0.026334,0.22681,0.1639,-2.5781,0.00027395,-0.13707,-0.073831,0.056299,0.030919,-0.10424,0.080606,0.076481,-0.29237,-0.24426,2.5858,0.38482,-0.028407,0.11977,-0.080742,-0.057126,0.034405,0.11173,-0.044126,-0.037349,-0.025269,-0.0036743,0.15836,-0.16908,-0.031459,-0.0020038,-0.0081294,-0.00037855,0.0014569,0.00057814
0.5,0.20017,-0.24012,-0.025751,0.22925,0.16099,-2.5572,0.00085128,-0.13602,-0.073851,0.056219,0.030749,-0.1038,0.080562,0.076569,-0.29035,-0.23963,2.5647,0.37966,-0.027686,0.1198,-0.079567,-0.056805,0.034143,0.11249,-0.043302,-0.036995,-0.02495,-0.0032134,0.15605,-0.16489,-0.030852,-0.0017961,-0.0079898,-0.0003817,0.0014209,0.00056946
0.51,0.2018,-0.23795,-0.025173,0.23136,0.15811,-2.5359,0.0014304,-0.13497,-0.073825,0.056115,0.030567,-0.10355,0.080507,0.076685,-0.28822,-0.2353,2.5429,0.37483,-0.026936,0.11975,-0.078392,-0.056465,0.033878,0.11342,-0.042488,-0.036628,-0.024633,-0.0028005,0.15373,-0.16071,-0.030247,-0.0016008,-0.0078472,-0.00038464,0.0013842,0.00055842
0.52,0.20335,-0.23576,-0.024592,0.23314,0.15515,-2.5142,0.0020126,-0.13392,-0.07375,0.055986,0.030372,-0.10348,0.080438,0.076835,-0.286,-0.23127,2.5205,0.37037,-0.02616,0.11961,-0.077218,-0.056106,0.033611,0.11451,-0.041682,-0.036248,-0.024316,-0.0024345,0.15138,-0.15654,-0.029646,-0.0014174,-0.0077019,-0.00038738,0.0013469,0.00054535
0.53,0.20482,-0.23356,-0.023999,0.2346,0.15207,-2.4922,0.0025994,-0.13285,-0.073626,0.055832,0.030164,-0.10358,0.080346,0.077025,-0.2837,-0.22755,2.4976,0.36636,-0.025361,0.11937,-0.076047,-0.05573,0.033342,0.11576,-0.040885,-0.035856,-0.024002,-0.0021136,0.14902,-0.15236,-0.029048,-0.0012454,-0.007554,-0.00038996,0.001309,0.00053052
0.54,0.20621,-0.23136,-0.023388,0.23574,0.14881,-2.4698,0.0031912,-0.13175,-0.073453,0.055654,0.029943,-0.10385,0.080224,0.077259,-0.28131,-0.22412,2.4742,0.36285,-0.024541,0.11905,-0.074877,-0.055336,0.033069,0.11715,-0.040098,-0.035452,-0.023689,-0.0018362,0.14664,-0.1482,-0.028455,-0.0010843,-0.0074039,-0.00039238,0.0012706,0.00051422
0.55,0.20752,-0.22915,-0.022751,0.23658,0.14531,-2.4471,0.0037887,-0.13063,-0.07323,0.055453,0.029709,-0.10427,0.080068,0.077543,-0.27885,-0.22102,2.4506,0.35988,-0.023703,0.11863,-0.073712,-0.054928,0.032795,0.11868,-0.039321,-0.035038,-0.023377,-0.0016002,0.14424,-0.14405,-0.027866,-0.00093367,-0.0072518,-0.00039465,0.0012318,0.00049669
0.56,0.20874,-0.22694,-0.022083,0.23713,0.14152,-2.4241,0.0043923,-0.12948,-0.072955,0.055229,0.029461,-0.10484,0.079872,0.077884,-0.27633,-0.21823,2.4267,0.35752,-0.02285,0.11812,-0.072554,-0.054507,0.032519,0.12033,-0.038554,-0.034613,-0.023067,-0.0014036,0.14182,-0.13992,-0.027282,-0.00079301,-0.0070979,-0.00039678,0.0011925,0.0004782
0.57,0.20987,-0.22474,-0.021376,0.23739,0.13739,-2.4008,0.0050022,-0.12828,-0.072629,0.054982,0.029199,-0.10553,0.079629,0.078285,-0.27376,-0.21575,2.4026,0.3558,-0.021985,0.11752,-0.071402,-0.054074,0.032241,0.12209,-0.037798,-0.034178,-0.022759,-0.001244,0.13939,-0.13581,-0.026703,-0.00066182,-0.0069425,-0.00039877,0.0011529,0.00045898
0.58,0.21092,-0.22254,-0.020626,0.23739,0.1329,-2.3771,0.0056185,-0.12703,-0.07225,0.054714,0.028924,-0.10633,0.079332,0.078749,-0.27114,-0.21359,2.3785,0.35475,-0.021108,0.11681,-0.070257,-0.05363,0.03196,0.12394,-0.037051,-0.033734,-0.022453,-0.0011191,0.13695,-0.13172,-0.02613,-0.00053965,-0.0067857,-0.00040062,0.0011129,0.00043923
0.59,0.21187,-0.22034,-0.019828,0.23713,0.12801,-2.3531,0.006241,-0.12573,-0.071818,0.054423,0.028636,-0.10722,0.078977,0.079282,-0.26847,-0.21174,2.3542,0.35441,-0.020222,0.11602,-0.06912,-0.053178,0.031677,0.12584,-0.036316,-0.033281,-0.022148,-0.0010264,0.1345,-0.12766,-0.025562,-0.00042602,-0.0066277,-0.00040233,0.0010727,0.00041919
0.6,0.21273,-0.21815,-0.018978,0.23664,0.12271,-2.3288,0.0068697,-0.12437,-0.071331,0.054112,0.028334,-0.10817,0.078558,0.079886,-0.26578,-0.21019,2.33,0.35479,-0.019329,0.11513,-0.067994,-0.052719,0.031392,0.12779,-0.035591,-0.032819,-0.021845,-0.00096338,0.13203,-0.12362,-0.025001,-0.00032047,-0.0064687,-0.00040388,0.0010323,0.00039904
0.61,0.21349,-0.21596,-0.018076,0.23592,0.11699,-2.3041,0.0075042,-0.12294,-0.07079,0.053782,0.028019,-0.10916,0.078072,0.080562,-0.26306,-0.20894,2.3059,0.35591,-0.018431,0.11415,-0.066878,-0.052255,0.031105,0.12976,-0.034877,-0.03235,-0.021544,-0.00092751,0.12955,-0.11961,-0.024446,-0.00022258,-0.0063089,-0.00040527,0.00099171,0.00037898
0.62,0.21415,-0.21378,-0.017118,0.23501,0.11085,-2.2791,0.0081438,-0.12143,-0.070195,0.053432,0.027691,-0.11017,0.077511,0.081312,-0.2603,-0.20798,2.2818,0.35775,-0.01753,0.11308,-0.065772,-0.051787,0.030817,0.1317,-0.034174,-0.031873,-0.021244,-0.00091615,0.12706,-0.11564,-0.023898,-0.00013192,-0.0061485,-0.0004065,0.000951,0.00035919
0.63,0.21471,-0.2116,-0.016105,0.23391,0.1043,-2.2536,0.0087879,-0.11985,-0.069544,0.053063,0.027349,-0.11116,0.076872,0.082133,-0.25752,-0.20729,2.2578,0.36031,-0.016626,0.11191,-0.064676,-0.051316,0.030525,0.1336,-0.033482,-0.031389,-0.020946,-0.00092673,0.12456,-0.11171,-0.023356,-4.8098e-05,-0.0059877,-0.00040753,0.00091022,0.00033982
0.64,0.21516,-0.20942,-0.015037,0.23264,0.097372,-2.2276,0.0094358,-0.11819,-0.068838,0.052677,0.026996,-0.11211,0.076152,0.083023,-0.25472,-0.20687,2.2338,0.36354,-0.015721,0.11066,-0.063591,-0.050843,0.030232,0.13542,-0.032801,-0.030899,-0.020649,-0.00095667,0.12205,-0.10781,-0.022822,2.9265e-05,-0.0058265,-0.00040835,0.0008694,0.00032103
0.65,0.21549,-0.20724,-0.013919,0.23123,0.090101,-2.2012,0.010087,-0.11644,-0.068078,0.052274,0.02663,-0.11299,0.075348,0.08398,-0.25188,-0.20668,2.2099,0.36742,-0.014815,0.10932,-0.062517,-0.050369,0.029936,0.13713,-0.032131,-0.030404,-0.020353,-0.0010034,0.11953,-0.10396,-0.022295,0.00010051,-0.0056652,-0.00040895,0.00082858,0.00030293
0.66,0.21571,-0.20505,-0.012752,0.22968,0.082531,-2.1742,0.010739,-0.11461,-0.067264,0.051855,0.026253,-0.11376,0.074461,0.085001,-0.24903,-0.20672,2.186,0.37189,-0.013911,0.1079,-0.061456,-0.049897,0.029638,0.1387,-0.031472,-0.029903,-0.020058,-0.0010645,0.11701,-0.10015,-0.021775,0.00016597,-0.0055039,-0.0004093,0.00078781,0.00028564
0.67,0.2158,-0.20285,-0.011541,0.22802,0.074713,-2.1465,0.011392,-0.11268,-0.066396,0.05142,0.025864,-0.11438,0.073488,0.086076,-0.24615,-0.20696,2.1622,0.37689,-0.013008,0.1064,-0.060406,-0.049425,0.029339,0.1401,-0.030824,-0.029397,-0.019765,-0.0011375,0.11448,-0.096396,-0.021263,0.00022594,-0.0053428,-0.00040938,0.00074713,0.00026925
0.68,0.21576,-0.20062,-0.010294,0.22625,0.066719,-2.1181,0.012044,-0.11066,-0.065474,0.050969,0.025464,-0.11484,0.072428,0.087197,-0.24323,-0.20737,2.1383,0.38231,-0.012108,0.10483,-0.059367,-0.048955,0.029038,0.14128,-0.030186,-0.028887,-0.019473,-0.0012202,0.11194,-0.092689,-0.020759,0.00028073,-0.005182,-0.00040917,0.00070657,0.00025385
0.69,0.21558,-0.19837,-0.0090173,0.2244,0.058634,-2.089,0.012694,-0.10855,-0.064502,0.050504,0.025055,-0.1151,0.071285,0.088356,-0.24028,-0.20793,2.1144,0.38809,-0.01121,0.10319,-0.058338,-0.048488,0.028735,0.14223,-0.029559,-0.028373,-0.019181,-0.0013103,0.10939,-0.089035,-0.020263,0.00033056,-0.0050217,-0.00040865,0.00066616,0.00023947
0.7,0.21526,-0.19608,-0.0077206,0.22247,0.050543,-2.0591,0.013341,-0.10634,-0.063482,0.050027,0.024636,-0.11513,0.07006,0.089541,-0.23728,-0.2086,2.0903,0.39411,-0.010315,0.10149,-0.057321,-0.048023,0.028432,0.14291,-0.028943,-0.027856,-0.018891,-0.0014057,0.10684,-0.085439,-0.019775,0.00037566,-0.004862,-0.00040778,0.00062594,0.00022614
0.71,0.21479,-0.19374,-0.006413,0.22047,0.042536,-2.0283,0.013982,-0.10405,-0.062412,0.049535,0.024208,-0.1149,0.068757,0.090739,-0.23423,-0.20937,2.066,0.40026,-0.0094228,0.09974,-0.056315,-0.047562,0.028128,0.14329,-0.028337,-0.027336,-0.018601,-0.0015045,0.10428,-0.081901,-0.019295,0.00041625,-0.004703,-0.00040656,0.00058595,0.00021385
0.72,0.21415,-0.19134,-0.0051056,0.21842,0.034721,-1.9964,0.014617,-0.10167,-0.061296,0.049031,0.023771,-0.11438,0.067381,0.091936,-0.23113,-0.21018,2.0414,0.40641,-0.0085339,0.097941,-0.055317,-0.047103,0.027823,0.14336,-0.027742,-0.026813,-0.018311,-0.0016048,0.10172,-0.078425,-0.018823,0.00045252,-0.0045449,-0.00040496,0.0005462,0.00020258
0.73,0.21335,-0.18888,-0.0038107,0.21632,0.027209,-1.9634,0.015244,-0.099213,-0.060138,0.048516,0.023326,-0.11356,0.065936,0.093115,-0.22796,-0.21101,2.0164,0.41243,-0.0076474,0.096104,-0.054327,-0.046647,0.027519,0.14308,-0.027156,-0.026289,-0.018022,-0.001705,0.099152,-0.075014,-0.018359,0.00048462,-0.0043878,-0.00040296,0.00050673,0.00019227
0.74,0.21238,-0.18633,-0.002541,0.21417,0.020114,-1.9293,0.01586,-0.096679,-0.05894,0.047989,0.022875,-0.11241,0.064429,0.09426,-0.22471,-0.21181,1.9909,0.41818,-0.0067629,0.094239,-0.053345,-0.046194,0.027216,0.14245,-0.02658,-0.025764,-0.017733,-0.0018035,0.096583,-0.071671,-0.017905,0.0005127,-0.0042319,-0.00040054,0.00046757,0.00018282
0.75,0.21122,-0.18368,-0.0013094,0.21199,0.013551,-1.8939,0.016465,-0.094076,-0.057706,0.047451,0.022418,-0.11091,0.062869,0.095353,-0.22137,-0.21256,1.9649,0.42353,-0.0058798,0.092359,-0.05237,-0.045743,0.026914,0.14145,-0.026014,-0.025238,-0.017445,-0.0018989,0.094011,-0.068397,-0.017458,0.00053686,-0.0040771,-0.00039769,0.00042873,0.00017411
0.76,0.20987,-0.18093,-0.0001294,0.20975,0.0076343,-1.8573,0.017056,-0.091415,-0.056438,0.046903,0.021956,-0.10907,0.061265,0.096377,-0.21794,-0.2132,1.9382,0.42833,-0.0049975,0.090475,-0.051401,-0.045294,0.026615,0.14008,-0.025457,-0.024712,-0.017156,-0.00199,0.091436,-0.065195,-0.017021,0.00055724,-0.0039238,-0.0003944,0.00039023,0.000166
0.77,0.20832,-0.17806,0.0009857,0.20748,0.0024785,-1.8192,0.017632,-0.088706,-0.055142,0.046345,0.021489,-0.10687,0.059625,0.097313,-0.21441,-0.2137,1.9108,0.43246,-0.0041148,0.088599,-0.050435,-0.044846,0.026319,0.13833,-0.024909,-0.024186,-0.016868,-0.0020757,0.08886,-0.062069,-0.016592,0.00057393,-0.0037719,-0.00039066,0.00035209,0.00015833
0.78,0.20657,-0.17506,0.0020228,0.20516,-0.001809,-1.7797,0.018191,-0.08596,-0.053821,0.045777,0.021019,-0.10431,0.057956,0.098139,-0.21076,-0.21401,1.8826,0.43576,-0.0032302,0.086741,-0.04947,-0.044397,0.026026,0.13622,-0.02437,-0.02366,-0.016579,-0.0021551,0.086282,-0.059019,-0.016172,0.00058701,-0.0036217,-0.00038646,0.00031433,0.00015089
0.79,0.20461,-0.17191,0.0029692,0.20279,-0.0051268,-1.7388,0.018731,-0.083189,-0.052481,0.045201,0.020546,-0.10141,0.056271,0.098837,-0.20698,-0.21409,1.8533,0.43813,-0.0023424,0.084917,-0.048506,-0.043946,0.025738,0.13375,-0.023839,-0.023136,-0.016289,-0.0022273,0.083703,-0.05605,-0.015761,0.00059656,-0.0034731,-0.0003818,0.00027694,0.00014347
0.8,0.20243,-0.16861,0.0038134,0.20037,-0.0073872,-1.6963,0.019251,-0.080408,-0.051125,0.044615,0.020072,-0.098182,0.05458,0.099394,-0.20308,-0.21391,1.8232,0.43945,-0.0014503,0.083142,-0.047541,-0.043493,0.025455,0.13096,-0.023317,-0.022614,-0.016,-0.0022919,0.081124,-0.053162,-0.015359,0.00060265,-0.0033262,-0.00037666,0.00023994,0.00013584
0.81,0.20003,-0.16515,0.0045456,0.19788,-0.0085152,-1.6524,0.019749,-0.07763,-0.049759,0.044021,0.019597,-0.094647,0.052893,0.099791,-0.19904,-0.21343,1.792,0.43964,-0.00055224,0.081429,-0.046574,-0.043035,0.02518,0.12787,-0.022802,-0.022094,-0.01571,-0.0023483,0.078545,-0.050358,-0.014966,0.00060535,-0.0031813,-0.00037108,0.00020333,0.00012778
0.82,0.19741,-0.16152,0.0051566,0.19532,-0.0084501,-1.607,0.020225,-0.074869,-0.048387,0.043418,0.019123,-0.090835,0.051219,0.10001,-0.19485,-0.21261,1.7597,0.4386,0.00035332,0.079791,-0.045602,-0.042571,0.024911,0.12451,-0.022295,-0.021577,-0.015419,-0.0023961,0.075967,-0.047639,-0.014582,0.00060476,-0.0030383,-0.00036504,0.00016711,0.00011904
0.83,0.19457,-0.15771,0.0056399,0.19269,-0.0071491,-1.5603,0.020677,-0.072141,-0.047017,0.042806,0.01865,-0.086783,0.049566,0.10005,-0.19053,-0.21141,1.7263,0.4363,0.0012679,0.078242,-0.044625,-0.042098,0.02465,0.12094,-0.021796,-0.021063,-0.015127,-0.0024352,0.07339,-0.045008,-0.014208,0.00060093,-0.0028973,-0.00035857,0.00013126,0.0001094
0.84,0.1915,-0.15374,0.0059907,0.18998,-0.0045907,-1.5122,0.021106,-0.069461,-0.045651,0.042187,0.018179,-0.082535,0.047944,0.099882,-0.18606,-0.20982,1.6918,0.43269,0.0021929,0.076794,-0.04364,-0.041615,0.024399,0.11721,-0.021303,-0.020552,-0.014835,-0.0024655,0.070815,-0.042466,-0.013843,0.00059395,-0.0027583,-0.00035167,9.5794e-05,9.8628e-05
0.85,0.18822,-0.14959,0.0062065,0.18718,-0.00077558,-1.4628,0.02151,-0.066842,-0.044296,0.041558,0.017712,-0.078137,0.046359,0.099514,-0.18144,-0.2078,1.6562,0.42777,0.0031299,0.075457,-0.042646,-0.041119,0.024158,0.11337,-0.020817,-0.020046,-0.014541,-0.002487,0.068242,-0.040015,-0.013488,0.00058391,-0.0026215,-0.00034437,6.0683e-05,8.6513e-05
0.86,0.18472,-0.14528,0.0062877,0.18429,0.004278,-1.4124,0.021891,-0.064296,-0.042956,0.040919,0.017249,-0.073642,0.044816,0.098934,-0.17669,-0.20534,1.6196,0.42155,0.0040801,0.07424,-0.041642,-0.040606,0.023927,0.10948,-0.020337,-0.019544,-0.014247,-0.0024999,0.065673,-0.037654,-0.013142,0.00057089,-0.0024868,-0.0003367,2.5912e-05,7.2875e-05
0.87,0.18101,-0.14081,0.0062363,0.18131,0.01053,-1.3609,0.022247,-0.061836,-0.041635,0.040271,0.016792,-0.069106,0.043319,0.098142,-0.1718,-0.20241,1.5819,0.41406,0.0050445,0.073149,-0.040626,-0.040072,0.023707,0.10561,-0.019864,-0.019047,-0.013951,-0.0025045,0.063108,-0.035386,-0.012806,0.00055502,-0.0023543,-0.00032868,-8.538e-06,5.7547e-05
0.88,0.1771,-0.13618,0.0060568,0.17824,0.017919,-1.3087,0.022581,-0.059471,-0.040339,0.039613,0.016341,-0.064587,0.041873,0.097139,-0.16679,-0.19901,1.5433,0.40537,0.0060244,0.07219,-0.039599,-0.039516,0.023499,0.10183,-0.019396,-0.018556,-0.013654,-0.002501,0.060547,-0.03321,-0.01248,0.00053639,-0.002224,-0.00032034,-4.2692e-05,4.0388e-05
0.89,0.17301,-0.13142,0.0057564,0.17508,0.026365,-1.2558,0.022894,-0.057211,-0.039071,0.038943,0.015898,-0.060142,0.04048,0.095933,-0.16167,-0.19514,1.5039,0.39557,0.0070205,0.071367,-0.038562,-0.038935,0.023305,0.098216,-0.018934,-0.01807,-0.013356,-0.0024901,0.057993,-0.031127,-0.012164,0.00051513,-0.002096,-0.00031173,-7.6576e-05,2.1297e-05
0.9,0.16874,-0.12655,0.005344,0.17183,0.03577,-1.2025,0.023186,-0.055061,-0.037835,0.038262,0.015463,-0.05583,0.03914,0.09453,-0.15645,-0.19079,1.4638,0.38476,0.0080334,0.070678,-0.037514,-0.038324,0.023123,0.094826,-0.018477,-0.01759,-0.013058,-0.0024721,0.055446,-0.029137,-0.011858,0.00049137,-0.0019701,-0.00030287,-0.00011022,1.9632e-07
0.91,0.16431,-0.12157,0.0048307,0.16851,0.046021,-1.149,0.02346,-0.053025,-0.036632,0.037568,0.015037,-0.051705,0.037851,0.092937,-0.15115,-0.18598,1.4231,0.37304,0.0090632,0.070117,-0.036456,-0.037679,0.022955,0.091726,-0.018025,-0.017116,-0.012758,-0.0024477,0.052907,-0.027238,-0.011562,0.00046525,-0.0018465,-0.00029382,-0.00014365,-2.2961e-05
0.92,0.15974,-0.1165,0.0042288,0.16511,0.056994,-1.0954,0.023719,-0.051105,-0.035466,0.03686,0.014622,-0.047817,0.03661,0.091168,-0.14578,-0.18072,1.3819,0.36053,0.01011,0.069679,-0.035388,-0.036997,0.022801,0.088979,-0.017578,-0.016649,-0.012457,-0.0024175,0.050379,-0.025431,-0.011276,0.00043692,-0.0017251,-0.00028461,-0.00017691,-4.8197e-05
0.93,0.15503,-0.11138,0.0035514,0.16165,0.068558,-1.042,0.023964,-0.0493,-0.034339,0.036137,0.014217,-0.044214,0.035417,0.089238,-0.14037,-0.17502,1.3404,0.34739,0.011175,0.069355,-0.034313,-0.036273,0.02266,0.086642,-0.017136,-0.016189,-0.012155,-0.0023823,0.047862,-0.023714,-0.011002,0.00040652,-0.0016059,-0.00027529,-0.00021004,-7.551e-05
0.94,0.15021,-0.10622,0.002813,0.15814,0.080577,-0.98906,0.024198,-0.047608,-0.033251,0.035398,0.013823,-0.040937,0.034266,0.087164,-0.13493,-0.16893,1.2987,0.33374,0.012256,0.069132,-0.033234,-0.035506,0.022534,0.084765,-0.016698,-0.015735,-0.011852,-0.0023428,0.045358,-0.022085,-0.010738,0.00037424,-0.0014889,-0.00026593,-0.00024307,-0.00010487
0.95,0.1453,-0.10104,0.002028,0.15459,0.092911,-0.93672,0.024424,-0.046025,-0.032204,0.034642,0.013442,-0.038019,0.033154,0.084961,-0.12947,-0.16245,1.257,0.31972,0.013354,0.068995,-0.032152,-0.034689,0.022421,0.083386,-0.016265,-0.015288,-0.011549,-0.0022997,0.04287,-0.020543,-0.010484,0.00034025,-0.001374,-0.00025657,-0.00027603,-0.00013624
0.96,0.14032,-0.095875,0.001211,0.15102,0.10542,-0.88518,0.024646,-0.044544,-0.031199,0.033869,0.013074,-0.035488,0.032075,0.082647,-0.12403,-0.15563,1.2155,0.30546,0.014468,0.068924,-0.031069,-0.03382,0.022321,0.082538,-0.015835,-0.014849,-0.011245,-0.0022539,0.040399,-0.019085,-0.010242,0.00030471,-0.0012612,-0.00024727,-0.00030897,-0.00016955
0.97,0.13528,-0.090737,0.00037626,0.14744,0.11798,-0.83464,0.024867,-0.043156,-0.030235,0.033077,0.012719,-0.033364,0.031025,0.080239,-0.11861,-0.14852,1.1742,0.2911,0.015598,0.068901,-0.029991,-0.032896,0.022233,0.082245,-0.01541,-0.014416,-0.01094,-0.0022062,0.037948,-0.01771,-0.010012,0.00026782,-0.0011505,-0.00023808,-0.00034192,-0.00020476
0.98,0.1302,-0.085651,-0.00046249,0.14387,0.13045,-0.78525,0.025088,-0.041854,-0.029311,0.032265,0.012378,-0.031657,0.029999,0.077756,-0.11324,-0.14114,1.1333,0.27675,0.016742,0.068905,-0.028919,-0.031915,0.022157,0.082519,-0.01499,-0.013991,-0.010636,-0.0021573,0.035518,-0.016415,-0.0097928,0.00022977,-0.0010417,-0.00022907,-0.00037491,-0.0002418
0.99,0.1251,-0.080639,-0.0012925,0.14033,0.14272,-0.73717,0.025315,-0.040626,-0.028428,0.031433,0.012052,-0.030373,0.028994,0.075214,-0.10793,-0.13355,1.0929,0.26251,0.0179,0.068911,-0.027858,-0.030873,0.022092,0.083364,-0.014573,-0.013572,-0.010331,-0.0021081,0.033113,-0.015196,-0.0095856,0.00019076,-0.00093492,-0.00022031,-0.00040799,-0.00028058
1,0.11999,-0.075718,-0.0021021,0.13682,0.15468,-0.69054,0.025548,-0.039461,-0.027583,0.030581,0.011741,-0.029508,0.028004,0.072628,-0.1027,-0.12579,1.0531,0.24849,0.01907,0.068896,-0.026812,-0.029768,0.022036,0.084773,-0.01416,-0.013161,-0.010027,-0.0020592,0.030735,-0.014052,-0.0093904,0.000151,-0.00083001,-0.00021184,-0.00044116,-0.00032105
1.01,0.11489,-0.070905,-0.0028804,0.13336,0.16623,-0.64545,0.025792,-0.038349,-0.026774,0.029709,0.011445,-0.029053,0.027026,0.070015,-0.097562,-0.11792,1.0141,0.23477,0.020252,0.068837,-0.025784,-0.028601,0.021989,0.086729,-0.013751,-0.012757,-0.0097239,-0.0020114,0.028387,-0.01298,-0.0092074,0.00011072,-0.00072693,-0.00020373,-0.00047446,-0.00036312
1.02,0.10983,-0.066218,-0.0036186,0.12997,0.17728,-0.60201,0.026048,-0.037278,-0.026002,0.028816,0.011164,-0.028991,0.026058,0.067387,-0.092528,-0.10998,0.97589,0.22142,0.021444,0.068706,-0.024779,-0.027369,0.021947,0.089206,-0.013347,-0.01236,-0.0094212,-0.0019652,0.026071,-0.011976,-0.009037,7.0137e-05,-0.0006256,-0.00019605,-0.00050791,-0.00040671
1.03,0.1048,-0.06167,-0.0043084,0.12666,0.18775,-0.56029,0.02632,-0.036236,-0.025262,0.027902,0.0109,-0.029301,0.025095,0.064755,-0.087608,-0.10203,0.93853,0.20848,0.022644,0.068479,-0.0238,-0.026074,0.021908,0.092168,-0.012946,-0.011969,-0.0091195,-0.0019214,0.02379,-0.011036,-0.0088793,2.9493e-05,-0.00052598,-0.00018885,-0.00054152,-0.00045175
1.04,0.099821,-0.057272,-0.0049433,0.12344,0.19759,-0.52035,0.026609,-0.035213,-0.024553,0.026969,0.010652,-0.029956,0.024138,0.062133,-0.082815,-0.094121,0.9021,0.19602,0.023851,0.068136,-0.022852,-0.024717,0.021872,0.095574,-0.01255,-0.011585,-0.0088193,-0.0018802,0.021546,-0.010159,-0.0087347,-1.0966e-05,-0.00042797,-0.00018218,-0.00057528,-0.00049814
1.05,0.094909,-0.053035,-0.0055182,0.12032,0.20672,-0.48222,0.026917,-0.034199,-0.023873,0.026018,0.010421,-0.030923,0.023183,0.059525,-0.07815,-0.086309,0.8666,0.18404,0.025063,0.067649,-0.021936,-0.023298,0.021835,0.099368,-0.012157,-0.011208,-0.0085207,-0.0018422,0.019344,-0.0093413,-0.0086033,-5.0982e-05,-0.00033152,-0.0001761,-0.00060919,-0.00054578
1.06,0.090071,-0.048965,-0.0060289,0.1173,0.21512,-0.44592,0.027245,-0.033184,-0.023217,0.02505,0.010206,-0.032168,0.022229,0.056938,-0.073619,-0.078643,0.83203,0.17257,0.026275,0.066995,-0.021057,-0.021821,0.021792,0.10349,-0.011769,-0.010837,-0.008224,-0.0018076,0.017185,-0.0085791,-0.0084854,-9.0293e-05,-0.00023653,-0.00017065,-0.00064325,-0.00059454
1.07,0.085315,-0.045068,-0.0064723,0.1144,0.22273,-0.41145,0.027595,-0.032159,-0.022584,0.024066,0.010008,-0.033651,0.021278,0.054382,-0.069229,-0.071182,0.79844,0.16163,0.027489,0.06616,-0.02022,-0.020292,0.021743,0.10788,-0.011385,-0.010472,-0.0079296,-0.0017766,0.015073,-0.0078697,-0.0083813,-0.00012863,-0.00014293,-0.00016586,-0.00067743,-0.00064426
1.08,0.080652,-0.04135,-0.0068471,0.11162,0.22953,-0.37883,0.027967,-0.031119,-0.02197,0.023069,0.0098283,-0.035332,0.020331,0.051862,-0.064987,-0.063981,0.76587,0.15121,0.0287,0.065127,-0.019426,-0.018717,0.021686,0.11246,-0.011006,-0.010114,-0.0076377,-0.0017492,0.013009,-0.0072101,-0.0082911,-0.0001657,-5.0628e-05,-0.00016179,-0.00071168,-0.00069477
1.09,0.076091,-0.037814,-0.0071526,0.10896,0.23552,-0.34802,0.028363,-0.030057,-0.021373,0.022062,0.0096661,-0.037169,0.019388,0.049382,-0.060892,-0.057091,0.73427,0.14132,0.029907,0.063884,-0.018678,-0.017103,0.021617,0.11717,-0.010631,-0.0097608,-0.0073485,-0.0017255,0.010999,-0.0065974,-0.0082151,-0.00020122,4.0446e-05,-0.00015843,-0.00074598,-0.00074584
1.1,0.071633,-0.03446,-0.0073883,0.10642,0.24065,-0.319,0.028781,-0.028968,-0.020788,0.021048,0.0095217,-0.039116,0.018449,0.046943,-0.056943,-0.05056,0.70361,0.13194,0.031104,0.062415,-0.017978,-0.015457,0.021533,0.12192,-0.01026,-0.0094136,-0.0070625,-0.0017051,0.0090432,-0.0060289,-0.0081536,-0.00023492,0.00013037,-0.00015579,-0.00078025,-0.00079718
1.11,0.067288,-0.03129,-0.0075555,0.104,0.24494,-0.29173,0.029223,-0.027851,-0.020212,0.020031,0.0093959,-0.04113,0.017517,0.044551,-0.053143,-0.044441,0.67391,0.12305,0.032291,0.060718,-0.017326,-0.013792,0.021434,0.12663,-0.0098935,-0.0090721,-0.0067798,-0.0016878,0.0071459,-0.0055017,-0.0081066,-0.00026652,0.00021921,-0.00015388,-0.00081443,-0.00084849
1.12,0.063059,-0.028303,-0.0076557,0.10171,0.24838,-0.26617,0.029688,-0.026705,-0.019641,0.019015,0.0092892,-0.043166,0.016595,0.042208,-0.049495,-0.03878,0.64516,0.11466,0.033464,0.058792,-0.016724,-0.01212,0.021317,0.13123,-0.0095319,-0.0087359,-0.0065008,-0.0016732,0.00531,-0.0050133,-0.0080743,-0.00029573,0.00030702,-0.00015266,-0.00084846,-0.00089939
1.13,0.05895,-0.025495,-0.0076903,0.099527,0.25094,-0.24227,0.030173,-0.025529,-0.01907,0.018004,0.009202,-0.045179,0.015682,0.039911,-0.045991,-0.033616,0.61727,0.10671,0.034618,0.056631,-0.016169,-0.010452,0.02118,0.13563,-0.009175,-0.008405,-0.0062256,-0.0016607,0.0035382,-0.0045611,-0.0080569,-0.00032231,0.00039385,-0.0001521,-0.00088223,-0.00094945
1.14,0.054966,-0.022866,-0.0076625,0.097452,0.25265,-0.21997,0.030679,-0.024326,-0.018496,0.017005,0.0091355,-0.047127,0.014783,0.037664,-0.042633,-0.028989,0.59023,0.099207,0.035751,0.054246,-0.015659,-0.008804,0.021024,0.13974,-0.0088228,-0.0080792,-0.0059545,-0.0016496,0.0018336,-0.0041427,-0.0080545,-0.00034602,0.00047974,-0.00015213,-0.00091567,-0.00099819
1.15,0.05111,-0.020411,-0.0075749,0.095473,0.25351,-0.19922,0.031204,-0.023102,-0.017913,0.016023,0.0090908,-0.048968,0.013897,0.035467,-0.039418,-0.024933,0.564,0.092118,0.036859,0.051643,-0.01519,-0.0071924,0.020849,0.14348,-0.0084754,-0.0077583,-0.0056878,-0.0016391,0.00019916,-0.003756,-0.0080672,-0.00036665,0.00056468,-0.00015267,-0.00094868,-0.0010451
1.16,0.047385,-0.018128,-0.0074309,0.093579,0.25351,-0.17996,0.031746,-0.021861,-0.017316,0.015064,0.0090695,-0.050663,0.013029,0.033323,-0.036345,-0.021475,0.53856,0.085426,0.03794,0.048839,-0.014758,-0.0056345,0.020656,0.1468,-0.0081329,-0.0074423,-0.0054257,-0.0016284,-0.0013623,-0.0033987,-0.008095,-0.00038403,0.00064866,-0.00015362,-0.00098117,-0.0010896
1.17,0.043794,-0.016011,-0.0072341,0.091756,0.25268,-0.16214,0.032304,-0.020612,-0.016699,0.014135,0.0090736,-0.052179,0.01218,0.031232,-0.033414,-0.018638,0.51391,0.079113,0.038994,0.045854,-0.014356,-0.0041487,0.020449,0.14961,-0.0077953,-0.007131,-0.0051684,-0.0016166,-0.0028479,-0.0030689,-0.0081379,-0.00039802,0.00073161,-0.00015485,-0.001013,-0.0011311
1.18,0.040337,-0.014056,-0.006988,0.089981,0.251,-0.14567,0.032873,-0.019362,-0.016054,0.013244,0.0091055,-0.053482,0.011351,0.029193,-0.030617,-0.016431,0.48993,0.073149,0.040015,0.042706,-0.013973,-0.0027534,0.02023,0.15185,-0.0074629,-0.0068244,-0.004916,-0.0016025,-0.0042548,-0.0027647,-0.008196,-0.00040853,0.00081344,-0.00015622,-0.0010442,-0.0011689
1.19,0.037019,-0.012257,-0.0066967,0.088236,0.2485,-0.13051,0.033453,-0.018122,-0.015373,0.012396,0.0091684,-0.054544,0.010544,0.027209,-0.027954,-0.014862,0.46663,0.067522,0.041003,0.039423,-0.013598,-0.0014683,0.020007,0.15347,-0.0071355,-0.0065225,-0.0046688,-0.0015854,-0.0055803,-0.0024844,-0.0082691,-0.00041553,0.00089399,-0.00015756,-0.0010746,-0.0012026
1.2,0.03384,-0.01061,-0.0063646,0.086497,0.24518,-0.11658,0.03404,-0.016903,-0.014648,0.011601,0.0092666,-0.055345,0.0097619,0.02528,-0.025423,-0.013925,0.44398,0.062214,0.041961,0.036038,-0.013217,-0.00031308,0.019787,0.15442,-0.0068133,-0.0062251,-0.0044268,-0.001564,-0.0068217,-0.0022263,-0.0083571,-0.00041903,0.00097305,-0.00015871,-0.0011042,-0.0012314
1.21,0.030804,-0.0091092,-0.0059961,0.084738,0.24107,-0.10383,0.034632,-0.015718,-0.013867,0.010865,0.0094049,-0.055867,0.0090057,0.023411,-0.023024,-0.013608,0.42198,0.057212,0.042893,0.032584,-0.012813,0.00069315,0.019582,0.15469,-0.0064965,-0.0059324,-0.0041903,-0.0015376,-0.0079764,-0.0019889,-0.00846,-0.00041911,0.0010503,-0.00015946,-0.0011329,-0.001255
1.22,0.027911,-0.0077485,-0.0055958,0.082929,0.23617,-0.092199,0.035226,-0.014576,-0.013018,0.010197,0.0095895,-0.0561,0.0082769,0.021602,-0.020753,-0.013884,0.4006,0.052499,0.0438,0.029095,-0.012366,0.0015317,0.019403,0.15424,-0.006185,-0.0056442,-0.0039593,-0.0015052,-0.0090421,-0.0017709,-0.0085776,-0.0004159,0.0011254,-0.00015963,-0.0011608,-0.0012728
1.23,0.025163,-0.0065221,-0.0051685,0.081041,0.23052,-0.081614,0.035819,-0.013491,-0.012086,0.009605,0.0098276,-0.05604,0.0075766,0.019855,-0.018608,-0.01472,0.3798,0.048064,0.044689,0.025608,-0.011852,0.0021848,0.019265,0.15308,-0.0058789,-0.0053607,-0.003734,-0.001466,-0.010016,-0.0015709,-0.0087096,-0.00040956,0.0011979,-0.00015903,-0.0011879,-0.0012845
1.24,0.022563,-0.0054239,-0.0047192,0.079042,0.22412,-0.07202,0.036409,-0.012472,-0.011053,0.0090964,0.010128,-0.055689,0.0069057,0.018173,-0.016587,-0.016069,0.35957,0.043894,0.045568,0.02216,-0.011242,0.0026358,0.019185,0.15121,-0.0055784,-0.0050819,-0.0035144,-0.0014195,-0.010897,-0.0013878,-0.0088559,-0.00040033,0.0012671,-0.00015745,-0.0012143,-0.0012899
1.25,0.020112,-0.0044477,-0.0042533,0.076901,0.21702,-0.063357,0.036993,-0.011529,-0.009901,0.0086803,0.0105,-0.055057,0.0062651,0.016558,-0.014687,-0.017878,0.33989,0.039977,0.046447,0.018786,-0.010505,0.0028692,0.019183,0.14865,-0.0052836,-0.0048078,-0.0033006,-0.0013653,-0.011683,-0.0012205,-0.0090162,-0.00038847,0.0013323,-0.00015474,-0.00124,-0.0012889
1.26,0.01781,-0.0035869,-0.0037759,0.074587,0.20925,-0.055564,0.03757,-0.010667,-0.008605,0.0083651,0.010956,-0.05416,0.0056559,0.015013,-0.012908,-0.020081,0.32077,0.036307,0.047339,0.015523,-0.0096024,0.002871,0.019282,0.14545,-0.0049945,-0.0045387,-0.0030927,-0.0013031,-0.012371,-0.0010681,-0.0091903,-0.00037425,0.0013927,-0.0001507,-0.0012653,-0.0012817
1.27,0.015661,-0.002835,-0.0032932,0.072076,0.20087,-0.048587,0.038139,-0.0098934,-0.0071393,0.0081607,0.011508,-0.053025,0.0050758,0.013535,-0.011241,-0.022595,0.30205,0.032861,0.048239,0.012395,-0.0084876,0.0026271,0.019499,0.14161,-0.0047112,-0.0042747,-0.0028907,-0.001233,-0.012961,-0.00092948,-0.0093778,-0.00035797,0.0014472,-0.0001452,-0.0012903,-0.0012685
1.28,0.013664,-0.002185,-0.0028104,0.069342,0.19192,-0.042367,0.038696,-0.009207,-0.005473,0.0080775,0.012168,-0.051675,0.0045288,0.012135,-0.0096916,-0.025351,0.2839,0.029646,0.049187,0.0094403,-0.0071173,0.0021265,0.019869,0.13727,-0.0044338,-0.0040158,-0.0026946,-0.0011553,-0.013451,-0.00080396,-0.0095783,-0.00033991,0.0014948,-0.00013812,-0.0013153,-0.0012498
1.29,0.01182,-0.0016299,-0.0023333,0.066364,0.18245,-0.036847,0.03924,-0.0086054,-0.003572,0.0081274,0.012951,-0.050147,0.0040141,0.010812,-0.0082556,-0.028256,0.26625,0.026648,0.050191,0.0066778,-0.0054328,0.0013563,0.020419,0.13246,-0.0041625,-0.0037624,-0.0025044,-0.0010708,-0.01384,-0.00069074,-0.0097915,-0.00032034,0.0015339,-0.00012932,-0.0013405,-0.0012262
1.3,0.01013,-0.0011623,-0.0018682,0.063141,0.17256,-0.031978,0.039772,-0.008083,-0.0013991,0.0083257,0.013872,-0.048486,0.0035286,0.0095611,-0.0069246,-0.031196,0.24891,0.023844,0.051231,0.0041229,-0.0033686,0.00030349,0.021161,0.12721,-0.0038973,-0.0035145,-0.0023203,-0.00098031,-0.014127,-0.00058908,-0.010017,-0.00029948,0.0015631,-0.0001187,-0.001366,-0.0011984
1.31,0.008592,-0.00077483,-0.0014202,0.059664,0.16232,-0.027702,0.040284,-0.0076276,0.0010879,0.008689,0.01494,-0.046728,0.0030757,0.0083928,-0.0057035,-0.034096,0.23206,0.021243,0.052354,0.001794,-0.00086057,-0.0010462,0.022136,0.12167,-0.0036383,-0.0032725,-0.0021421,-0.00088498,-0.014313,-0.0004983,-0.010254,-0.00027755,0.0015808,-0.00010615,-0.0013921,-0.0011672
1.32,0.007204,-0.00045982,-0.0009946,0.055942,0.1518,-0.023969,0.040772,-0.0072238,0.0039328,0.0092391,0.016167,-0.044921,0.0026541,0.0073053,-0.0045872,-0.036842,0.2156,0.018829,0.053549,-0.00030385,0.0021686,-0.0027099,0.023361,0.11591,-0.0033857,-0.0030365,-0.0019701,-0.00078637,-0.014397,-0.00041776,-0.010502,-0.00025465,0.001585,-9.1543e-05,-0.0014188,-0.0011334
1.33,0.0059642,-0.00020967,-0.00059656,0.052003,0.14112,-0.02073,0.041231,-0.0068528,0.0071828,0.010005,0.017561,-0.043118,0.0022619,0.0062962,-0.003571,-0.03931,0.19939,0.016584,0.054777,-0.002167,0.0057925,-0.0047072,0.024834,0.10995,-0.0031394,-0.0028068,-0.001804,-0.00068619,-0.014378,-0.00034681,-0.01076,-0.00023089,0.0015738,-7.4722e-05,-0.0014458,-0.0010978
1.34,0.0048678,-1.6746e-05,-0.00023008,0.047874,0.13038,-0.017935,0.041647,-0.0064906,0.010885,0.011021,0.019121,-0.041363,0.0018998,0.0053688,-0.0026553,-0.041403,0.18345,0.014505,0.056028,-0.003796,0.010082,-0.0070636,0.026562,0.10391,-0.0028996,-0.0025835,-0.0016442,-0.0005863,-0.014259,-0.00028485,-0.011027,-0.00020635,0.0015453,-5.5488e-05,-0.0014728,-0.0010609
1.35,0.0039092,0.00012644,0.00010132,0.043601,0.11966,-0.015539,0.042,-0.0061103,0.015087,0.012334,0.020843,-0.039705,0.0015674,0.0045224,-0.0018382,-0.043003,0.16773,0.012581,0.05724,-0.0051948,0.015091,-0.009808,0.028517,0.097834,-0.0026664,-0.002367,-0.0014905,-0.00048879,-0.014038,-0.00023123,-0.011301,-0.00018111,0.0014976,-3.362e-05,-0.0014989,-0.0010231
1.36,0.003082,0.00022714,0.00039494,0.039246,0.10908,-0.013499,0.042272,-0.0056845,0.019831,0.014009,0.022717,-0.038195,0.0012644,0.0037568,-0.0011191,-0.043998,0.15216,0.010803,0.058326,-0.006368,0.020842,-0.012973,0.030648,0.091769,-0.0024398,-0.0021573,-0.001343,-0.00039574,-0.013717,-0.00018532,-0.011582,-0.00015529,0.0014294,-8.8778e-06,-0.0015227,-0.00098439
1.37,0.0023771,0.00029217,0.0006491,0.034869,0.098702,-0.011769,0.042416,-0.005181,0.025148,0.016126,0.024715,-0.036872,0.00099128,0.0030722,-0.00049846,-0.044294,0.13674,0.0091652,0.059176,-0.0073223,0.02731,-0.016598,0.032874,0.085768,-0.0022198,-0.0019548,-0.001202,-0.00030913,-0.013297,-0.00014649,-0.011866,-0.00012913,0.0013395,1.8971e-05,-0.0015423,-0.00094424
1.38,0.0017848,0.00032785,0.00086256,0.030543,0.08858,-0.010309,0.042373,-0.0045698,0.031043,0.018796,0.026802,-0.035767,0.00074869,0.0024684,2.2843e-05,-0.04381,0.12152,0.0076635,0.059655,-0.0080662,0.034397,-0.020726,0.035083,0.07988,-0.0020067,-0.0017596,-0.0010674,-0.00023097,-0.012781,-0.00011406,-0.012151,-0.00010297,0.001228,4.9995e-05,-0.0015547,-0.00090182
1.39,0.0012962,0.00034022,0.0010349,0.026362,0.07883,-0.0090869,0.042103,-0.0038239,0.037514,0.022186,0.028954,-0.034938,0.00053724,0.0019442,0.00044411,-0.042502,0.10656,0.0062957,0.059607,-0.0086059,0.041906,-0.025409,0.037138,0.074142,-0.0018003,-0.0015718,-0.00093936,-0.00016267,-0.01217,-8.7364e-05,-0.012435,-7.7414e-05,0.0010963,8.4132e-05,-0.0015564,-0.00085599
1.4,0.0008995,0.00033436,0.0011658,0.022401,0.069445,-0.0080613,0.0415,-0.0029173,0.044473,0.026504,0.031123,-0.034394,0.00035793,0.0014988,0.00076569,-0.040389,0.092053,0.0050654,0.058915,-0.0089578,0.049565,-0.030737,0.038924,0.068652,-0.0016009,-0.0013916,-0.0008181,-0.00010543,-0.011467,-6.5739e-05,-0.012716,-5.3172e-05,0.00094713,0.00012091,-0.0015427,-0.00080541
1.41,0.00058439,0.00031499,0.0012548,0.018744,0.06047,-0.0071995,0.040472,-0.0018305,0.051773,0.032056,0.033305,-0.034168,0.00021072,0.0011285,0.00099011,-0.037518,0.078152,0.0039733,0.057452,-0.009136,0.056975,-0.036828,0.040345,0.063468,-0.0014084,-0.0012191,-0.00070377,-5.9815e-05,-0.010677,-4.8519e-05,-0.012991,-3.1073e-05,0.00078508,0.00015938,-0.0015087,-0.0007489
1.42,0.0003409,0.00028633,0.0013023,0.015478,0.051967,-0.006472,0.038935,-0.00055839,0.059192,0.0393,0.035597,-0.034297,9.5165e-05,0.00082932,0.0011235,-0.034042,0.065143,0.0030242,0.055216,-0.0091717,0.063734,-0.043939,0.041477,0.058756,-0.0012231,-0.0010544,-0.00059654,-2.5686e-05,-0.009803,-3.5072e-05,-0.01326,-1.2009e-05,0.00061635,0.00019807,-0.0014491,-0.00068566
1.43,0.00015869,0.00025118,0.0013049,0.012637,0.043829,-0.0058308,0.03667,0.00089138,0.066159,0.048772,0.038167,-0.034735,9.3149e-06,0.00059329,0.0011735,-0.030074,0.053127,0.002215,0.052127,-0.0090856,0.069254,-0.05241,0.042513,0.054581,-0.0010451,-0.00089753,-0.00049663,-2.3697e-06,-0.0088506,-2.4795e-05,-0.013523,3.2278e-06,0.00044873,0.00023473,-0.0013587,-0.00061542
1.44,2.982e-05,0.00021233,0.0012603,0.010268,0.03608,-0.0052381,0.033546,0.0024694,0.071934,0.061279,0.041593,-0.035485,-4.9303e-05,0.0004122,0.0011498,-0.025778,0.042227,0.0015426,0.048182,-0.0089015,0.072918,-0.062838,0.044032,0.051067,-0.00087462,-0.00074852,-0.00040422,1.1433e-05,-0.0078247,-1.7091e-05,-0.013781,1.4115e-05,0.00028991,0.00026613,-0.0012337,-0.00053869
1.45,-5.2714e-05,0.00017235,0.0011671,0.0083821,0.028787,-0.0046587,0.029478,0.0040843,0.075553,0.07802,0.047201,-0.036622,-8.3883e-05,0.00027804,0.0010664,-0.021384,0.032618,0.0010045,0.043499,-0.0086674,0.07428,-0.076432,0.047395,0.04852,-0.00071179,-0.0006074,-0.00031949,1.7382e-05,-0.0067293,-1.1438e-05,-0.014036,2.0305e-05,0.00014908,0.00028789,-0.0010712,-0.00045649
1.46,-9.5168e-05,0.00013211,0.0010179,0.006897,0.021843,-0.0040193,0.02428,0.0055148,0.075207,0.10006,0.05724,-0.037982,-9.7688e-05,0.0001805,0.00093063,-0.016946,0.024143,0.00058825,0.037832,-0.0083482,0.072348,-0.094669,0.054848,0.046971,-0.00055691,-0.00047415,-0.00024252,1.739e-05,-0.0055678,-7.3443e-06,-0.014292,2.1856e-05,3.4749e-05,0.00029355,-0.00087154,-0.00037037
1.47,-0.00010315,9.3596e-05,0.00081489,0.0056656,0.015396,-0.0032751,0.018259,0.006442,0.069321,0.12879,0.076169,-0.039697,-9.4129e-05,0.00011178,0.00075452,-0.012617,0.016821,0.00028385,0.031114,-0.0078814,0.066538,-0.12047,0.071261,0.046767,-0.00041028,-0.00034878,-0.00017328,1.3591e-05,-0.0043431,-4.3756e-06,-0.014552,1.9224e-05,-4.5597e-05,0.00027397,-0.00064043,-0.0002823
1.48,-8.3656e-05,5.8326e-05,0.00056528,0.0043952,0.0095643,-0.0023746,0.012291,0.0063559,0.056542,0.16426,0.11084,-0.041783,-7.6947e-05,6.4661e-05,0.00055018,-0.0085193,0.01065,7.8854e-05,0.0233,-0.0070864,0.056711,-0.15947,0.10741,0.0486,-0.00027225,-0.00023131,-0.00011161,7.9025e-06,-0.0030567,-2.2022e-06,-0.014816,1.3342e-05,-8.4142e-05,0.00021393,-0.00039433,-0.00019322
1.49,-5.0693e-05,2.9447e-05,0.00031434,0.0029228,0.0048963,-0.0014135,0.0089864,0.0049429,0.040689,0.21825,0.18528,-0.046898,-4.8528e-05,3.1863e-05,0.00032153,-0.0046371,0.0054677,-3.2463e-05,0.014581,-0.0054001,0.043212,-0.22188,0.18887,0.053485,-0.00014323,-0.00012176,-5.7146e-05,2.3587e-06,-0.0017096,-6.4123e-07,-0.015087,6.1995e-06,-7.6198e-05,9.1912e-05,-0.00017672,-0.0001024
1.5,-1.016e-05,5.2851e-06,6.1122e-05,0.00068197,0.00088182,-0.0002981,0.0070328,0.001324,0.030336,0.3258,0.39149,-0.060224,-9.816e-06,5.6903e-06,6.2219e-05,-0.00083282,0.00094753,-2.7414e-05,0.0076618,-0.0013992,0.031284,-0.33008,0.39693,0.0643,-2.3684e-05,-2.0162e-05,-9.2147e-06,5.7212e-08,-0.00030113,-1.6596e-08,-0.015364,8.7848e-07,-1.7485e-05,1.6532e-06,-1.9564e-05,-1.6062e-05
